frame,track_id,x_center,y_center,width,height
2,1,1116,336,119,255
2,2,716,380,46,124
2,3,428,337,81,263
2,4,492,397,30,84
3,1,1114,337,121,257
3,2,716,380,46,124
3,3,425,338,82,265
3,4,491,396,29,85
3,5,464,372,33,143
4,1,1115,337,122,259
4,2,716,379,46,125
4,3,422,339,82,268
4,4,491,396,30,85
4,5,462,370,34,146
5,1,1114,338,125,260
5,2,716,379,46,125
5,3,420,338,82,269
5,4,490,396,29,85
5,5,460,368,35,152
6,1,1113,338,127,262
6,2,715,379,47,126
6,3,418,338,80,269
6,4,490,395,28,83
6,5,459,367,37,154
7,1,1114,339,128,262
7,2,715,379,47,126
7,3,417,338,80,271
7,4,490,394,28,82
7,5,458,367,37,156
8,1,1114,338,130,261
8,2,715,378,47,126
8,3,415,339,79,270
8,4,489,393,27,81
8,5,460,365,38,158
9,1,1115,338,132,262
9,2,715,377,47,127
9,3,414,338,78,270
9,4,488,392,27,79
9,5,458,367,37,152
10,1,1116,338,135,263
10,2,715,377,47,127
10,3,412,337,78,270
10,4,488,392,27,80
10,5,458,365,39,154
11,1,1119,337,136,263
11,2,715,377,47,128
11,3,410,336,78,272
11,4,487,391,27,79
11,5,458,364,39,154
12,1,1120,337,136,262
12,2,715,377,47,128
12,3,409,335,78,273
12,4,487,390,27,79
12,5,456,366,38,150
13,1,1120,335,136,263
13,2,716,376,47,127
13,3,407,334,77,275
13,4,487,390,27,79
13,5,457,363,40,154
14,1,1119,334,137,265
14,2,716,376,47,128
14,3,406,334,77,276
14,4,487,389,26,76
14,5,456,362,41,159
15,1,1118,333,136,265
15,2,716,375,47,127
15,3,404,332,77,277
15,4,487,388,26,74
15,5,456,362,43,160
16,1,1116,332,135,265
16,2,717,375,46,128
16,3,403,332,76,277
16,4,486,387,26,73
16,5,458,361,44,161
17,1,1114,332,134,266
17,2,717,374,47,127
17,3,401,332,76,278
17,4,486,387,26,75
17,5,458,360,44,161
18,1,1114,331,134,267
18,2,718,374,47,128
18,3,399,332,76,279
18,4,485,388,27,76
18,5,457,360,44,160
19,1,1114,330,133,268
19,2,719,374,46,128
19,3,397,333,76,280
19,4,484,388,29,79
19,5,455,359,45,161
20,1,1116,329,133,270
20,2,720,374,46,128
20,3,394,332,76,282
20,4,483,388,30,81
20,5,455,358,46,162
21,1,1118,329,135,274
21,2,720,373,46,128
21,3,391,331,77,284
21,4,483,388,30,82
21,5,455,358,47,165
22,1,1120,328,136,278
22,2,720,372,46,129
22,3,388,330,77,285
22,4,482,388,32,84
22,5,454,358,47,166
23,1,1120,327,139,284
23,2,719,372,47,130
23,3,385,329,78,287
23,4,482,388,32,84
23,5,454,358,48,168
24,1,1122,324,141,287
24,2,719,371,47,131
24,3,382,328,79,288
24,4,482,388,32,85
24,5,453,356,48,169
25,1,1123,323,143,290
25,2,720,371,48,132
25,3,379,326,79,291
25,4,481,387,33,87
25,5,452,356,48,170
26,1,1125,321,144,293
26,2,720,371,48,134
26,3,376,325,81,293
26,4,480,386,34,88
26,5,450,355,49,169
27,1,1125,320,146,298
27,2,720,371,49,136
27,3,374,324,81,295
27,4,479,385,34,90
27,5,449,355,49,170
28,1,1125,320,147,302
28,2,721,370,50,137
28,3,372,323,83,295
28,4,478,385,33,90
28,5,449,355,50,170
29,1,1125,319,148,306
29,2,721,370,49,139
29,3,368,323,85,299
29,4,478,384,34,89
29,5,448,355,50,170
30,1,1126,318,146,309
30,2,722,370,50,140
30,3,365,323,86,302
30,4,478,385,34,88
30,5,447,355,50,169
31,1,1124,318,145,312
31,2,722,370,50,140
31,3,360,322,88,305
31,4,478,386,34,88
31,5,445,355,51,169
32,1,1124,318,144,314
32,2,722,370,50,142
32,3,355,322,89,308
32,4,477,385,34,87
32,5,444,355,51,169
33,1,1125,317,144,316
33,2,722,370,51,142
33,3,350,320,92,309
33,4,476,386,34,87
33,5,443,356,53,170
34,1,1128,317,146,320
34,2,723,369,50,143
34,3,346,319,94,311
34,4,476,387,34,87
34,5,442,356,53,170
35,1,1130,317,149,325
35,2,723,369,50,144
35,3,341,319,95,314
35,4,476,387,34,88
35,5,441,355,54,170
36,1,1124,318,155,330
36,2,723,369,51,144
36,3,337,319,98,318
36,4,475,386,34,87
36,5,440,355,54,170
37,1,1116,318,164,333
37,2,723,368,51,145
37,3,332,318,101,323
37,4,474,387,33,84
37,5,439,355,54,169
38,1,1120,319,172,336
38,2,723,368,51,145
38,3,328,316,104,327
38,4,473,386,34,86
38,5,437,355,55,170
39,1,1117,318,181,340
39,2,724,368,52,147
39,3,323,316,106,331
39,4,472,385,35,87
39,5,437,354,56,169
40,1,1116,318,193,343
40,2,723,367,51,145
40,3,317,316,108,332
40,4,471,385,35,88
40,5,436,354,56,170
41,1,1117,318,204,345
41,2,723,367,52,146
41,3,312,316,110,334
41,4,470,383,36,91
41,5,434,355,57,170
42,1,1120,318,214,348
42,2,723,367,52,146
42,3,305,316,113,337
42,4,467,383,37,92
42,5,432,356,57,166
43,1,1122,316,225,349
43,2,723,367,54,146
43,3,299,317,115,340
43,4,466,384,38,92
43,5,431,355,57,167
44,1,1125,315,235,352
44,2,723,366,54,147
44,3,294,317,118,344
44,4,466,384,37,89
44,5,429,354,59,168
45,1,1129,315,243,356
45,2,723,367,54,148
45,3,288,317,121,347
45,4,466,385,36,87
45,5,429,353,60,169
46,1,1133,315,249,360
46,2,723,366,55,149
46,3,281,317,124,353
46,4,465,386,37,87
46,5,428,353,61,169
47,1,1138,313,253,362
47,2,723,366,55,151
47,3,275,318,127,358
47,4,465,386,37,85
47,5,428,353,64,171
48,1,1144,313,258,368
48,2,724,366,56,152
48,3,271,316,130,361
48,4,466,386,38,88
48,5,425,353,66,173
49,1,1149,309,260,371
49,2,724,366,57,154
49,3,265,315,131,364
49,4,466,385,37,89
49,5,421,352,67,175
50,1,1154,307,261,375
50,2,726,365,57,155
50,3,257,313,135,371
50,4,465,385,37,89
50,5,419,351,70,177
51,1,1159,305,260,376
51,2,722,365,58,156
51,3,250,313,139,379
51,4,466,386,38,88
51,5,414,351,73,177
52,1,1164,305,260,382
52,2,724,365,59,157
52,3,244,312,142,384
52,4,466,385,37,87
52,5,410,352,76,180
53,1,1168,306,260,388
53,2,726,365,58,157
53,3,238,311,146,390
53,4,465,385,37,87
53,5,405,351,79,183
54,1,1172,306,260,395
54,2,726,366,59,158
54,3,232,310,149,395
54,4,464,386,37,88
54,5,400,351,81,185
55,1,1175,307,257,398
55,2,726,366,59,160
55,3,225,309,152,399
55,4,463,384,38,88
55,5,397,351,84,187
56,1,1178,307,254,401
56,2,726,366,60,161
56,3,217,309,154,402
56,4,462,384,38,88
56,5,393,352,85,188
57,1,1178,308,251,405
57,2,726,366,60,161
57,3,209,307,155,403
57,4,461,384,38,90
57,5,390,351,86,186
58,1,1177,310,249,410
58,2,726,367,60,162
58,3,199,306,159,405
58,4,458,385,40,91
58,5,385,351,87,188
59,1,1176,311,248,415
59,2,726,367,60,164
59,3,189,308,164,411
59,4,457,383,38,89
59,5,382,350,89,191
60,1,1174,313,246,418
60,2,726,367,61,165
60,3,178,310,168,415
60,4,455,385,39,90
60,5,378,351,91,192
61,1,1161,315,243,422
61,2,726,367,61,165
61,3,167,312,173,419
61,4,454,384,39,89
61,5,374,351,93,191
62,1,1159,318,245,426
62,2,727,368,62,166
62,3,159,315,177,423
62,4,454,385,40,89
62,5,371,352,94,193
63,1,1156,320,245,426
63,2,727,368,62,167
63,3,154,317,182,426
63,4,453,386,41,90
63,5,368,353,96,194
64,1,1150,322,248,427
64,2,727,369,63,169
64,3,149,318,186,427
64,4,453,387,42,90
64,5,365,354,97,197
65,1,1143,325,250,426
65,2,728,370,64,170
65,3,144,320,193,431
65,4,452,387,43,91
65,5,364,354,100,197
66,1,1137,327,255,427
66,2,728,370,65,169
66,3,136,322,199,435
66,4,452,388,44,92
66,5,363,355,101,198
67,1,1134,329,258,428
67,2,729,371,65,170
67,3,130,323,205,440
67,4,452,388,44,93
67,5,363,354,99,195
68,1,1131,332,265,434
68,2,730,371,65,171
68,3,126,323,209,444
68,4,452,388,45,93
68,5,363,354,99,193
69,1,1130,335,271,439
69,2,732,371,66,171
69,3,121,322,212,446
69,4,452,388,45,93
69,5,363,354,100,193
70,1,1129,337,276,443
70,2,733,371,66,173
70,3,115,320,214,447
70,4,453,388,46,93
70,5,361,354,102,195
71,1,1129,337,276,440
71,2,734,372,67,174
71,3,109,319,216,448
71,4,453,388,46,93
71,5,359,356,103,197
72,1,1128,337,281,445
72,2,735,372,67,175
72,3,103,318,214,450
72,4,454,389,46,94
72,5,358,357,105,198
73,1,1128,336,283,444
73,2,736,372,69,178
73,3,97,316,214,453
73,4,453,388,47,95
73,5,357,358,105,198
74,1,1128,327,277,431
74,2,738,371,69,179
74,3,93,314,212,455
74,4,454,389,47,96
74,5,354,358,106,199
75,1,1128,324,276,426
75,2,740,371,69,179
75,3,90,313,211,459
75,4,456,389,48,97
75,5,352,358,106,199
76,1,1129,325,278,424
76,2,742,371,70,182
76,3,88,311,208,460
76,4,458,389,48,97
76,5,350,358,105,199
77,1,1130,331,286,437
77,2,745,370,70,183
77,3,86,310,206,462
77,4,459,389,49,98
77,5,350,359,106,200
78,1,1133,331,286,436
78,2,748,370,70,184
78,3,84,311,204,464
78,4,460,389,49,98
78,5,350,359,105,201
79,1,1134,330,284,435
79,2,751,370,70,185
79,3,82,312,201,464
79,4,462,389,48,97
79,5,350,359,105,202
80,1,1133,329,281,433
80,2,754,370,69,185
80,3,80,309,194,457
80,4,464,390,48,96
80,5,351,359,106,201
81,1,1125,330,275,434
81,2,759,369,69,187
81,3,77,307,188,452
81,4,466,390,48,97
81,5,351,359,106,202
82,1,1119,330,269,436
82,2,763,369,70,187
82,3,75,306,184,449
82,4,468,390,47,97
82,5,349,360,107,202
83,1,1111,331,262,440
83,2,767,369,69,187
83,3,74,305,179,445
83,4,471,390,47,95
83,5,350,359,109,203
84,1,1114,333,259,444
84,2,770,369,70,188
84,3,71,302,174,439
84,4,474,390,48,97
84,5,352,359,110,203
85,1,1116,332,257,447
85,2,773,368,70,191
85,3,67,299,167,433
85,4,476,390,48,98
85,5,353,360,112,203
86,1,1118,332,258,448
86,2,778,368,70,192
86,3,64,285,155,405
86,4,477,390,48,98
86,5,354,360,112,203
87,1,1120,332,260,451
87,2,783,368,70,195
87,3,62,292,157,420
87,4,479,390,48,98
87,5,355,360,113,203
88,1,1118,332,263,451
88,2,786,368,70,195
88,3,60,303,162,448
88,4,481,389,48,97
88,5,357,360,113,203
89,1,1121,334,268,454
89,2,790,368,70,196
89,3,57,309,165,469
89,4,483,389,48,98
89,5,360,360,113,203
90,1,1121,334,271,453
90,2,794,368,69,198
90,3,55,308,161,473
90,4,485,390,48,98
90,5,363,360,114,203
91,1,1123,335,273,450
91,2,798,368,69,198
91,3,53,305,154,471
91,4,487,390,48,97
91,5,368,360,114,202
92,1,1125,335,273,445
92,2,802,369,69,200
92,3,50,308,151,477
92,4,490,391,48,96
92,5,371,361,115,203
93,1,1124,333,270,435
93,2,806,369,69,200
93,3,49,314,148,486
93,4,493,391,48,96
93,5,376,362,117,206
94,1,1122,332,268,429
94,2,811,370,69,202
94,3,46,315,143,483
94,4,494,391,47,97
94,5,380,363,118,208
94,7,47,242,103,341
95,1,1122,330,262,423
95,2,817,371,69,202
95,3,45,315,137,477
95,4,497,392,47,96
95,5,384,363,118,209
95,7,46,243,103,341
96,1,1122,328,256,417
96,2,823,371,69,204
96,3,46,314,130,469
96,4,500,393,47,97
96,5,388,363,117,209
96,7,45,244,103,342
97,1,1121,328,250,415
97,2,829,372,70,206
97,3,45,326,130,485
97,4,505,395,46,96
97,5,393,364,117,210
97,7,44,244,103,343
98,1,1113,327,240,408
98,2,833,372,71,208
98,3,44,329,127,486
98,4,508,395,47,97
98,5,399,364,116,208
98,7,43,245,103,344
99,1,1100,328,233,408
99,2,839,373,72,210
99,3,43,338,127,503
99,4,510,395,47,98
99,5,402,363,115,207
99,7,42,246,103,344
100,1,1086,329,227,410
100,2,842,372,73,211
100,3,42,335,121,494
100,4,512,395,48,98
100,5,405,363,113,204
100,7,41,246,104,344
101,1,1081,330,226,415
101,2,845,374,74,212
101,3,40,350,123,521
101,4,513,395,48,99
101,5,407,363,114,203
101,7,40,246,105,345
102,1,1080,330,223,417
102,2,848,374,74,213
102,3,39,353,119,524
102,4,515,396,47,98
102,5,410,364,114,205
102,7,39,247,105,345
103,1,1084,331,223,420
103,2,851,374,76,213
103,3,38,338,111,499
103,4,517,397,48,98
103,5,412,365,115,207
103,7,38,248,105,346
104,1,1090,330,224,423
104,2,855,376,76,215
104,3,37,341,108,503
104,4,519,397,47,96
104,5,415,366,115,206
104,7,37,248,105,347
105,1,1095,331,225,425
105,2,860,377,77,215
105,3,35,343,109,505
105,4,522,398,47,96
105,5,418,366,115,207
105,7,36,249,105,348
106,1,1100,333,228,430
106,2,865,378,79,217
106,3,34,345,108,507
106,4,525,397,47,96
106,5,421,366,115,208
106,7,35,249,105,347
107,1,1103,333,230,432
107,2,870,379,80,218
107,3,32,347,109,510
107,4,528,397,48,98
107,5,425,366,116,210
107,7,34,250,105,348
108,1,1105,334,231,432
108,2,875,380,81,217
108,3,31,349,110,512
108,4,530,398,47,98
108,5,429,366,116,210
108,7,33,250,105,349
109,1,1107,335,229,429
109,2,879,382,82,215
109,3,29,351,110,514
109,4,533,398,48,98
109,5,434,365,116,211
109,7,32,251,105,349
110,1,1109,334,226,423
110,2,884,383,84,216
110,3,27,352,111,517
110,4,535,398,48,99
110,5,438,366,115,210
110,7,31,252,105,350
111,1,1109,334,220,415
111,2,889,383,86,216
111,3,26,354,112,519
111,4,538,397,48,98
111,5,442,366,114,209
111,7,30,252,106,351
112,1,1108,334,215,409
112,2,893,385,87,214
112,3,24,356,111,521
112,4,542,397,48,97
112,5,446,367,113,207
112,7,29,253,106,352
113,1,1106,335,211,405
113,2,899,386,90,214
113,3,23,358,112,524
113,4,546,398,47,97
113,5,452,368,113,207
113,7,28,253,106,351
114,1,1106,338,204,402
114,2,904,386,93,215
114,3,21,360,112,526
114,4,550,400,48,96
114,5,458,370,111,203
114,7,27,254,107,352
115,1,1103,340,197,400
115,2,910,388,96,215
115,3,19,362,113,528
115,4,555,401,47,96
115,5,464,371,109,200
115,7,26,254,107,353
116,1,1103,342,191,401
116,2,913,389,99,215
116,3,18,363,114,531
116,4,559,401,48,96
116,5,470,370,109,199
116,7,25,255,107,353
117,1,1106,344,186,401
117,2,917,389,103,215
117,3,16,365,114,533
117,4,563,402,47,96
117,5,476,371,107,197
117,7,24,256,107,354
118,1,1109,346,184,402
118,2,920,388,107,215
118,3,15,367,114,535
118,4,567,402,48,97
118,5,481,371,107,198
118,7,23,256,107,355
119,1,1109,346,183,401
119,2,924,388,112,218
119,3,13,369,115,538
119,4,570,402,48,95
119,5,489,371,107,199
119,7,22,256,107,355
120,1,1114,347,185,402
120,2,926,387,117,220
120,3,11,370,115,539
120,4,573,402,47,94
120,5,495,371,107,200
120,7,21,257,107,355
121,1,1119,349,188,402
121,2,927,385,121,221
121,3,10,372,116,541
121,4,577,402,47,94
121,5,499,371,106,200
121,7,20,258,108,356
122,1,1124,350,191,402
122,2,927,384,125,224
122,3,8,374,117,544
122,4,581,401,48,95
122,5,505,369,106,203
122,7,19,258,108,357
123,1,1127,351,194,401
123,2,928,383,126,223
123,3,6,376,117,546
123,4,583,402,48,95
123,5,511,368,106,205
123,7,18,259,108,357
124,1,1129,353,196,399
124,2,929,383,127,221
124,3,5,378,117,548
124,4,584,403,49,96
124,5,515,368,104,206
124,7,17,260,108,358
125,1,1130,355,198,396
125,2,938,381,126,222
125,3,4,379,118,551
125,4,586,403,49,96
125,5,518,367,103,209
126,1,1129,356,197,390
126,2,940,379,124,223
126,3,25,310,109,596
126,4,588,403,49,96
126,5,521,367,102,210
127,1,1126,356,198,385
127,2,939,378,122,224
127,3,29,308,100,600
127,4,590,403,50,96
127,5,523,367,101,210
128,1,1123,356,197,382
128,2,936,377,121,223
128,3,33,308,95,600
128,4,590,403,51,97
128,5,525,366,101,211
128,13,23,478,28,256
129,1,1119,354,192,373
129,2,934,376,119,223
129,3,37,308,92,602
129,4,593,404,50,96
129,5,528,366,100,211
129,13,25,481,29,249
130,1,1113,353,187,364
130,2,935,376,118,224
130,3,39,307,91,602
130,4,596,404,50,96
130,5,530,366,100,211
130,13,25,479,30,253
131,1,1109,352,182,358
131,2,936,375,118,225
131,3,41,305,89,601
131,4,598,403,49,96
131,5,533,366,100,210
131,13,23,475,32,258
132,1,1104,353,178,354
132,2,937,375,115,225
132,3,42,303,89,601
132,4,599,404,49,96
132,5,535,367,99,210
132,13,21,469,33,267
133,1,1095,352,173,353
133,2,939,376,113,221
133,3,42,301,87,600
133,4,600,404,50,97
133,5,538,368,98,208
133,13,21,469,33,267
134,1,1090,351,169,351
134,2,942,378,109,217
134,3,40,301,87,602
134,4,599,405,49,95
134,5,542,369,98,206
134,13,21,469,33,266
135,1,1090,351,169,351
135,2,944,379,106,214
135,3,37,267,77,535
135,4,600,406,50,96
135,5,544,369,100,206
135,13,21,468,33,265
136,1,1091,350,169,350
136,2,945,378,104,215
136,3,35,246,71,493
136,4,601,406,50,95
136,5,546,369,100,208
136,13,21,468,33,265
137,1,1095,350,171,352
137,2,946,379,102,215
137,3,34,235,68,470
137,4,602,405,50,93
137,5,546,369,101,208
137,13,21,468,33,264
138,1,1098,349,174,354
138,2,947,379,99,213
138,3,34,231,67,460
138,4,603,406,49,90
138,5,547,369,102,208
138,13,21,468,33,264
139,1,1099,347,178,355
139,2,949,379,97,212
139,3,37,233,68,464
139,4,605,405,49,91
139,5,549,369,102,210
139,13,21,467,33,263
140,1,1100,346,182,357
140,2,951,379,95,213
140,3,46,225,70,449
140,4,607,405,49,91
140,5,550,369,103,211
140,13,21,467,33,263
141,1,1102,345,186,358
141,2,954,379,95,213
141,3,47,219,68,439
141,4,608,405,49,91
141,5,553,369,104,212
141,13,21,467,33,262
142,1,1104,343,188,357
142,2,957,379,94,212
142,3,73,228,81,455
142,4,609,406,49,89
142,5,554,369,106,213
142,13,21,467,33,262
142,16,76,160,105,318
143,1,1104,343,190,355
143,2,961,379,94,213
143,3,90,245,97,491
143,4,611,405,50,91
143,5,555,369,108,216
143,13,22,466,32,261
143,16,94,160,109,318
144,1,1102,343,191,355
144,2,963,379,95,214
144,3,108,240,109,478
144,4,613,405,50,91
144,5,556,369,110,219
144,13,22,466,32,261
144,16,105,163,111,324
145,1,1100,343,191,355
145,2,967,378,95,213
145,3,124,239,123,476
145,4,614,406,50,90
145,5,556,368,113,223
145,13,22,466,32,260
145,16,117,165,113,330
146,1,1098,343,187,352
146,2,970,379,96,216
146,3,137,239,139,476
146,4,614,405,51,91
146,5,558,368,114,226
146,13,22,466,32,260
146,16,128,168,115,336
147,1,1094,343,184,350
147,2,972,378,98,217
147,3,146,240,155,477
147,4,615,397,59,109
147,5,559,367,114,229
147,13,22,465,32,259
147,16,140,171,117,342
148,1,1088,342,179,348
148,2,972,377,97,215
148,3,150,244,170,484
148,4,617,403,54,99
148,5,560,367,117,234
148,13,22,465,32,259
148,16,151,174,119,348
149,1,1079,342,176,349
149,2,972,375,97,215
149,3,150,267,196,531
149,4,618,396,59,111
149,5,561,367,119,238
149,13,22,465,32,258
149,16,163,177,121,354
150,1,1068,343,172,350
150,2,972,374,98,215
150,3,148,276,210,548
150,4,620,400,54,102
150,5,563,366,120,240
150,13,22,465,32,258
150,16,174,179,123,359
151,1,1065,342,170,350
151,2,971,373,98,216
151,3,145,277,218,552
151,4,621,400,52,99
151,5,563,365,121,242
151,13,22,464,32,257
151,16,186,182,126,365
152,1,1067,342,170,352
152,2,971,371,98,217
152,3,144,278,225,553
152,4,623,402,50,96
152,5,564,363,122,243
152,13,22,464,32,257
152,16,197,185,127,371
153,1,1070,342,169,350
153,2,969,370,98,219
153,3,146,279,232,554
153,4,624,401,50,95
153,5,566,362,123,244
153,13,22,464,32,256
153,16,209,188,130,377
154,1,1074,342,171,352
154,2,968,369,97,219
154,3,149,279,239,556
154,4,625,401,51,96
154,5,568,361,124,248
154,13,22,464,31,256
154,16,220,191,131,382
155,1,1078,341,172,352
155,2,969,369,96,222
155,3,154,280,247,559
155,4,631,403,48,92
155,5,569,360,127,251
155,13,22,464,31,254
155,16,232,193,134,389
156,1,1083,341,174,353
156,2,971,367,94,222
156,3,157,281,253,561
156,4,633,403,47,92
156,5,570,359,129,253
156,13,22,464,31,254
156,16,243,196,135,395
157,1,1087,341,176,351
157,2,973,366,93,222
157,3,158,285,263,569
157,4,635,401,47,93
157,5,572,359,131,256
157,13,22,463,31,253
157,16,255,199,138,401
158,1,1089,342,177,349
158,2,975,366,89,218
158,3,157,294,274,584
158,4,637,401,45,91
158,5,574,358,132,257
158,13,22,463,31,252
158,16,266,202,139,406
159,1,1091,343,179,348
159,2,980,368,88,218
159,3,152,292,272,576
159,4,639,401,45,91
159,5,577,357,134,259
159,13,22,463,31,252
159,16,278,205,142,412
160,1,1095,345,181,348
160,2,983,368,85,214
160,3,143,290,269,565
160,4,641,401,45,91
160,5,579,357,136,261
160,13,22,462,31,251
160,16,289,208,143,418
161,1,1095,345,181,345
161,2,986,369,83,212
161,3,163,292,271,557
161,4,643,401,45,90
161,5,580,356,136,261
161,13,22,462,31,251
161,16,301,210,146,425
162,1,1095,346,179,342
162,2,988,369,81,209
162,3,181,292,272,554
162,4,645,401,45,90
162,5,584,355,138,263
162,13,22,462,31,250
162,16,313,213,148,431
163,1,1094,345,177,337
163,2,991,370,80,208
163,3,204,293,275,551
163,4,647,401,45,90
163,5,589,354,140,267
163,16,324,216,150,436
164,1,1095,344,172,331
164,2,994,371,80,208
164,3,214,294,277,548
164,4,649,401,45,90
164,5,593,354,141,270
164,16,336,219,152,442
165,1,1093,344,169,328
165,2,996,372,80,207
165,3,215,295,280,547
165,4,651,400,44,89
165,5,597,354,143,274
165,16,347,222,154,448
166,1,1089,343,165,324
166,2,1000,373,80,207
166,3,211,295,282,545
166,4,653,400,44,90
166,5,604,353,145,280
166,16,359,224,156,455
167,1,1084,342,162,323
167,2,1004,374,81,209
167,3,205,296,282,544
167,4,655,400,44,90
167,5,611,352,148,286
167,16,370,227,158,460
168,1,1078,343,158,324
168,2,1008,374,82,210
168,3,201,294,281,543
168,4,657,399,44,89
168,5,616,351,149,289
168,16,382,230,160,466
169,1,1073,342,154,323
169,2,1012,373,82,210
169,3,199,295,279,541
169,4,659,399,44,89
169,5,619,350,150,291
169,16,393,233,162,472
170,1,1069,340,151,325
170,2,1014,372,83,211
170,3,201,297,275,538
170,4,661,399,44,89
170,5,621,348,152,293
170,16,404,236,165,478
171,1,1070,339,149,328
171,2,1012,370,80,210
171,3,204,297,274,536
171,4,663,399,44,89
171,5,622,348,154,297
171,16,416,238,166,484
172,1,1074,338,146,326
172,2,1011,367,78,209
172,3,206,295,271,535
172,4,664,399,43,88
172,5,626,348,156,300
172,16,427,241,169,490
173,1,1077,336,146,328
173,2,1012,366,76,207
173,3,209,296,269,533
173,4,666,399,43,88
173,5,631,348,155,300
173,16,439,244,170,496
174,1,1080,335,148,332
174,2,1013,365,74,207
174,3,211,296,267,532
174,4,668,399,43,88
174,5,640,347,154,300
175,1,1083,334,150,334
175,2,1015,363,72,205
175,3,213,295,266,532
175,4,670,398,43,87
175,5,648,347,153,302
176,1,1087,333,153,338
176,2,1017,359,69,203
176,3,214,292,267,535
176,4,672,398,43,87
176,5,657,346,151,303
176,19,108,403,19,48
177,1,1089,332,155,341
177,2,1018,361,69,208
177,3,216,287,269,535
177,4,674,398,43,87
177,5,667,347,150,306
177,19,108,403,19,48
178,1,1092,333,157,342
178,2,1020,353,63,195
178,3,216,284,275,538
178,4,676,398,43,86
178,5,674,347,148,308
178,19,108,403,19,47
179,1,1094,332,157,342
179,2,1023,349,60,188
179,3,212,282,285,548
179,4,630,400,43,96
179,5,682,348,146,310
179,19,108,404,19,48
180,1,1094,331,157,341
180,2,1025,347,59,186
180,3,206,282,294,557
180,4,635,397,46,101
180,5,688,349,144,310
180,19,108,404,19,48
181,1,1095,331,156,339
181,2,1027,345,58,183
181,3,198,284,302,564
181,4,645,397,52,106
181,5,692,348,142,311
181,19,109,404,18,48
182,1,1095,331,154,339
182,2,1029,344,58,182
182,3,186,285,309,567
182,4,650,396,56,107
182,5,697,349,141,312
182,19,109,404,19,48
183,1,1093,332,152,340
183,2,1031,342,58,180
183,3,180,288,316,572
183,4,650,396,58,109
183,5,703,349,140,315
183,19,109,404,19,47
184,1,1084,331,148,339
184,2,1033,340,56,178
184,3,176,289,321,575
184,4,650,396,60,110
184,5,708,352,140,318
184,19,109,404,19,47
185,1,1081,332,146,339
185,2,1035,338,56,176
185,3,173,292,325,579
185,4,649,396,61,109
185,5,713,352,139,320
185,19,109,405,19,48
185,22,532,377,23,88
186,1,1082,333,145,340
186,2,1036,336,55,173
186,3,171,295,330,586
186,4,642,396,65,111
186,5,718,354,139,324
186,19,109,405,19,48
186,22,532,376,24,87
187,1,1086,334,145,340
187,2,1038,334,55,171
187,3,167,299,335,595
187,4,642,395,70,114
187,5,723,354,137,324
187,19,110,405,18,48
187,22,532,376,24,89
188,1,1090,335,145,341
188,2,1040,332,54,169
188,3,165,301,336,599
188,4,642,391,75,121
188,5,730,353,136,321
188,19,110,405,19,47
188,22,532,377,24,90
189,1,1094,337,147,342
189,2,1042,330,53,167
189,3,162,301,334,599
189,4,649,390,76,126
189,5,738,354,136,320
189,19,110,405,19,47
189,22,532,377,25,91
190,1,1099,338,150,343
190,2,1044,328,52,165
190,3,159,300,332,597
190,4,651,389,76,128
190,5,743,354,136,320
190,19,110,405,19,47
190,22,532,377,25,92
191,1,1103,340,152,342
191,2,1046,327,52,162
191,3,156,302,332,601
191,4,650,389,76,130
191,5,749,353,136,321
191,19,110,406,19,48
191,22,532,377,25,92
192,1,1106,342,155,342
192,2,1047,325,51,160
192,3,152,309,335,614
192,4,650,389,75,129
192,5,753,353,135,319
192,19,110,406,19,48
192,22,532,377,25,93
193,1,1110,343,157,341
193,2,1050,323,50,158
193,3,149,318,340,632
193,4,651,390,74,128
193,5,757,354,135,320
193,19,111,406,18,47
193,22,532,377,25,94
194,1,1114,346,160,342
194,2,1051,321,49,156
194,3,146,330,347,656
194,4,651,391,71,126
194,5,761,355,135,321
194,19,111,406,19,47
194,22,532,377,25,94
195,1,1118,346,163,345
195,2,1053,319,49,154
195,3,143,341,351,678
195,4,652,392,69,124
195,5,765,356,135,321
195,19,111,406,19,47
195,22,532,377,25,95
196,1,1122,346,166,348
196,2,1055,317,49,151
196,3,140,346,349,688
196,4,653,392,68,123
196,5,770,356,135,320
196,19,111,407,19,48
196,22,532,377,25,95
197,1,1125,345,169,352
197,2,1057,315,48,149
197,3,138,337,334,671
197,4,653,393,69,123
197,5,775,356,134,320
197,19,111,407,19,48
197,22,532,377,25,96
198,1,1127,344,173,357
198,2,1059,313,47,147
198,3,133,298,295,593
198,4,653,395,69,124
198,5,778,355,133,319
198,19,111,407,19,47
198,22,532,377,25,97
199,1,1130,342,177,364
199,2,1061,312,46,146
199,3,129,276,271,546
199,4,653,395,69,126
199,5,782,354,133,319
199,19,112,407,18,47
199,22,532,377,25,97
200,1,1133,338,179,370
200,2,1065,372,63,202
200,3,125,259,254,512
200,4,654,395,70,127
200,5,787,354,132,321
200,19,112,407,19,47
200,22,532,377,25,98
201,1,1139,335,179,372
201,2,1068,373,62,204
201,3,120,273,266,543
201,4,654,395,70,127
201,5,792,355,132,323
201,19,112,407,19,47
201,22,532,377,27,99
202,1,1148,331,175,374
202,2,1073,372,64,209
202,3,115,261,252,520
202,4,650,395,72,125
202,5,796,354,134,327
202,19,105,404,19,48
202,22,532,377,27,99
203,1,1154,328,172,377
203,2,1078,373,65,212
203,3,110,287,270,570
203,4,647,395,73,126
203,5,799,354,133,328
203,19,105,403,18,47
203,22,532,377,27,99
204,1,1158,328,170,380
204,2,1084,373,68,216
204,3,105,246,231,488
204,4,646,395,76,126
204,5,803,352,133,331
204,19,105,403,18,47
204,22,532,377,27,101
205,1,1161,329,166,384
205,2,1090,373,70,217
205,3,101,208,199,415
205,4,646,396,76,124
205,5,808,350,133,333
205,19,104,404,19,48
205,22,532,377,27,101
206,1,1165,329,164,387
206,2,1094,374,73,220
206,3,98,168,164,333
206,4,646,397,78,123
206,5,814,348,134,335
206,19,104,404,19,47
206,22,532,377,27,101
207,1,1169,330,161,390
207,2,1099,373,77,221
207,3,95,156,156,309
207,4,646,398,80,122
207,5,818,346,133,335
207,19,103,405,19,47
207,22,532,377,27,103
208,1,1175,330,160,393
208,2,1105,373,79,223
208,3,92,127,133,251
208,4,647,398,81,124
208,5,823,345,134,337
208,19,104,406,19,47
208,22,532,377,27,103
209,1,1183,333,160,394
209,2,1111,373,83,223
209,3,87,106,116,206
209,4,649,398,84,125
209,5,826,345,135,340
209,19,104,407,19,47
209,22,532,377,27,103
210,1,1188,334,159,395
210,2,1112,375,84,226
210,3,83,88,96,170
210,4,649,399,85,123
210,5,829,345,137,342
210,19,103,408,21,49
210,22,532,378,27,104
211,1,1194,338,158,394
211,2,1111,375,85,226
211,3,79,70,75,134
211,4,650,399,88,125
211,5,832,344,138,345
211,19,101,409,21,51
211,22,532,377,27,105
212,1,1201,339,157,392
212,2,1112,374,86,227
212,3,75,53,55,98
212,4,651,399,90,125
212,5,833,343,140,349
212,19,100,410,21,52
212,22,532,377,27,105
213,1,1207,340,155,391
213,2,1113,375,86,228
213,3,71,35,35,62
213,4,651,399,92,125
213,5,834,342,141,351
213,19,100,410,22,54
213,22,532,378,29,106
214,1,1213,339,153,393
214,2,1114,374,87,229
214,3,67,17,15,26
214,4,651,400,92,123
214,5,837,341,143,354
214,19,98,410,23,56
214,22,532,377,29,107
215,1,1217,339,151,393
215,2,1116,374,87,229
215,3,64,0,-6,-8
215,4,650,402,91,119
215,5,839,340,146,356
215,19,97,410,23,56
215,22,532,377,29,107
215,24,119,414,19,43
216,1,1217,339,149,394
216,2,1119,374,88,231
216,3,60,-18,-26,-44
216,4,650,403,91,117
216,5,841,339,148,357
216,19,96,410,23,56
216,22,532,378,29,108
216,24,117,413,19,46
216,25,92,411,21,52
217,1,1218,339,147,395
217,2,1121,374,88,232
217,3,56,-36,-46,-81
217,4,663,406,86,112
217,5,842,339,151,360
217,19,96,410,22,56
217,22,532,377,29,109
217,24,115,413,19,46
217,25,92,411,21,52
218,1,1219,340,145,397
218,2,1122,373,89,233
218,3,52,-53,-66,-116
218,4,667,407,83,109
218,5,843,337,153,363
218,19,95,410,23,57
218,22,532,377,29,109
218,24,114,413,19,46
218,25,92,410,21,54
219,1,1219,341,143,396
219,2,1124,373,89,233
219,3,48,-71,-87,-152
219,4,666,407,83,110
219,5,845,337,156,364
219,19,94,411,23,56
219,22,532,378,29,110
219,24,113,412,20,47
219,25,92,409,22,55
220,1,1220,343,141,398
220,2,1127,373,90,235
220,3,45,-89,-105,-187
220,4,663,407,84,110
220,5,846,336,158,367
220,19,94,411,24,57
220,24,112,412,20,46
220,25,91,410,22,53
221,1,1222,344,138,399
221,2,1128,374,91,236
221,3,41,-107,-125,-223
221,4,661,407,86,112
221,5,848,336,160,368
221,19,93,412,23,58
221,24,111,411,20,47
221,25,89,412,21,52
222,1,1223,344,136,398
222,2,1130,373,91,237
222,3,37,-124,-145,-260
222,4,660,407,87,112
222,5,850,336,162,368
222,19,93,412,24,58
222,24,109,411,21,48
222,25,88,412,21,51
223,1,1224,344,134,400
223,2,1133,373,92,238
223,3,34,-142,-166,-295
223,4,661,407,87,113
223,5,852,335,164,371
223,19,92,412,24,59
223,24,108,410,20,49
223,25,89,413,22,52
224,1,1226,343,131,401
224,2,1136,372,94,240
224,3,30,-160,-186,-331
224,4,663,408,87,112
224,5,854,334,166,373
224,19,91,412,25,59
224,24,107,410,20,49
224,25,89,413,22,52
225,1,1228,342,129,401
225,2,1139,371,94,241
225,3,26,-178,-206,-367
225,4,665,408,86,111
225,5,856,334,167,374
225,19,91,413,24,60
225,24,105,410,21,50
225,25,89,413,22,53
226,1,1230,340,126,401
226,2,1140,371,95,244
226,3,22,-195,-227,-402
226,4,666,408,85,111
226,5,858,334,168,375
226,19,90,413,25,61
226,24,104,409,21,51
226,25,88,413,22,53
227,1,1231,338,124,401
227,2,1142,370,95,243
227,3,18,-213,-247,-439
227,4,667,409,85,111
227,5,859,335,170,376
227,19,89,413,25,61
227,24,103,408,22,51
227,25,103,416,20,50
228,1,1232,337,121,403
228,2,1143,370,95,244
228,3,14,-231,-267,-475
228,4,667,410,85,112
228,5,858,334,171,377
228,19,89,414,26,62
228,24,102,408,22,52
228,25,105,417,20,48
229,1,1234,337,120,408
229,2,1144,370,96,246
229,3,10,-248,-287,-510
229,4,667,410,86,114
229,5,857,335,171,378
229,19,88,414,25,63
229,24,101,408,22,52
229,25,106,418,19,48
230,1,1235,336,117,411
230,2,1145,370,97,246
230,3,7,-266,-308,-546
230,4,667,410,86,114
230,5,856,335,172,379
230,19,88,414,26,63
230,24,99,407,23,53
230,25,107,418,19,47
231,1,1237,336,114,414
231,2,1146,370,97,248
231,3,3,-284,-328,-582
231,4,666,410,87,115
231,5,854,336,172,380
231,19,87,415,26,64
231,24,98,407,23,54
231,25,109,419,19,47
232,1,1238,335,113,417
232,2,1147,370,97,248
232,3,-1,-301,-348,-618
232,4,665,411,87,116
232,5,851,337,172,380
232,19,86,415,27,64
232,24,97,406,22,55
232,25,110,419,19,47
233,1,1241,334,110,420
233,2,1148,370,98,249
233,3,-5,-319,-368,-654
233,4,663,412,87,114
233,5,848,338,171,381
233,19,86,415,26,65
233,24,95,406,23,55
233,25,112,420,18,46
234,1,1243,306,94,366
234,2,1149,371,99,250
234,3,-9,-337,-389,-689
234,4,663,413,86,114
234,5,845,339,170,382
234,19,85,416,26,65
234,24,94,405,23,55
234,25,113,421,18,46
235,1,1245,317,98,393
235,2,1150,371,99,251
235,3,-13,-355,-409,-725
235,4,661,413,87,113
235,5,840,339,169,381
235,19,84,416,27,65
235,24,93,405,24,56
235,25,114,421,19,45
235,27,1246,266,35,292
236,1,1247,316,98,394
236,2,1151,372,100,250
236,3,-17,-373,-429,-761
236,4,661,413,88,113
236,5,836,340,167,382
236,19,83,417,27,66
236,24,92,404,24,57
236,25,116,421,18,45
236,27,1246,241,31,250
237,1,1249,314,98,393
237,2,1151,372,101,251
237,3,-20,-390,-450,-797
237,4,660,414,89,114
237,5,832,340,165,381
237,19,83,417,27,66
237,24,91,404,24,57
237,25,117,422,18,45
237,27,1247,235,31,242
238,1,1251,312,98,393
238,2,1151,373,101,250
238,3,-24,-408,-470,-833
238,4,659,414,89,114
238,5,827,342,161,380
238,19,82,417,27,67
238,24,89,404,25,58
238,25,91,421,20,49
238,27,1249,232,32,242
238,29,1261,230,40,258
239,1,1253,311,98,394
239,2,1150,373,101,250
239,3,-28,-426,-490,-869
239,4,658,414,89,113
239,5,823,342,158,381
239,19,82,418,28,68
239,24,88,403,25,59
239,25,90,421,20,48
239,27,1252,231,34,243
239,29,1262,228,40,259
240,1,1255,309,98,393
240,2,1150,373,101,249
240,4,657,416,90,112
240,5,818,343,155,381
240,19,81,418,27,68
240,24,87,403,26,60
240,25,89,421,20,48
240,27,1254,231,35,246
240,29,1262,226,39,263
241,1,1257,308,97,394
241,2,1150,374,102,249
241,4,657,417,90,110
241,5,814,344,152,381
241,19,81,418,28,69
241,24,85,402,25,60
241,25,89,421,20,49
241,27,1257,230,35,250
241,29,1263,224,40,265
242,1,1259,306,97,393
242,2,1149,374,102,249
242,4,657,417,89,109
242,5,809,345,147,380
242,19,80,419,28,70
242,24,84,402,25,60
242,25,88,421,20,49
242,27,1260,229,36,251
242,29,1263,223,40,266
243,1,1261,304,97,393
243,2,1149,375,102,249
243,4,658,419,89,108
243,5,806,345,144,381
243,19,79,419,29,70
243,24,83,401,26,61
243,25,88,421,20,49
243,27,1260,230,36,250
243,29,1264,221,40,268
244,1,1263,303,97,393
244,2,1148,376,103,248
244,4,661,418,89,109
244,5,803,346,141,381
244,19,79,419,28,71
244,24,82,401,26,62
244,25,87,421,20,49
244,27,1257,232,38,256
244,29,1264,219,40,269
245,1,1265,301,97,393
245,2,1148,377,104,248
245,4,663,419,89,110
245,5,801,347,137,377
245,19,78,419,29,71
245,24,81,400,26,63
245,25,87,422,20,49
245,27,1251,244,43,280
245,29,1264,218,41,270
246,1,1267,300,97,392
246,2,1147,376,104,249
246,4,665,418,88,111
246,5,801,349,134,374
246,19,77,420,29,72
246,24,79,400,27,63
246,25,86,423,20,50
246,27,1243,259,50,313
246,29,1265,216,41,272
246,31,42,416,68,455
247,1,1230,318,107,439
247,2,1144,377,105,248
247,4,665,419,87,110
247,5,799,350,131,372
247,24,78,400,27,64
247,25,85,423,21,50
247,27,1242,260,51,316
247,29,1265,214,41,273
247,31,47,346,89,599
248,1,1239,318,101,440
248,2,1142,377,105,247
248,4,662,420,86,110
248,5,798,351,129,370
248,24,77,399,28,64
248,25,85,423,20,49
248,27,1241,260,51,319
248,29,1266,212,41,275
248,31,52,319,98,649
249,1,1239,320,98,442
249,2,1141,378,106,246
249,4,657,420,87,110
249,5,797,352,128,368
249,25,84,424,21,50
249,27,1240,261,51,322
249,29,1266,211,41,276
249,31,59,308,100,662
250,1,1235,320,98,441
250,2,1138,379,105,241
250,4,655,420,88,110
250,5,795,353,125,365
250,25,84,424,20,50
250,27,1239,261,53,324
250,29,1267,209,42,278
250,31,65,307,103,664
251,1,1217,321,104,441
251,2,1136,379,106,242
251,4,654,420,89,112
251,5,793,354,123,361
251,25,83,424,20,50
251,27,1238,261,53,327
251,29,1268,207,42,279
251,31,76,315,110,681
252,1,1203,322,112,442
252,2,1134,379,107,244
252,4,653,420,91,112
252,5,791,356,122,357
252,25,82,425,21,50
252,27,1237,262,53,330
252,29,1268,205,42,281
252,31,90,321,116,689
253,1,1197,323,117,444
253,2,1132,379,107,244
253,4,651,421,90,112
253,5,789,357,122,354
253,25,82,425,20,50
253,27,1237,262,54,333
253,29,1268,204,43,282
253,31,104,326,125,695
254,1,1195,323,123,445
254,2,1130,378,109,243
254,4,650,422,91,110
254,5,787,358,120,351
254,25,81,425,21,50
254,27,1236,262,54,336
254,29,1269,202,42,284
254,31,120,337,137,708
255,1,1195,324,127,444
255,2,1127,378,109,241
255,4,649,422,91,110
255,5,785,360,120,346
255,25,80,426,21,50
255,27,1235,262,54,339
255,29,1269,200,43,285
255,31,137,343,151,717
255,34,585,409,25,62
256,1,1197,326,131,446
256,2,1124,380,109,240
256,4,648,423,91,108
256,5,783,361,119,341
256,25,80,426,20,50
256,27,1234,263,55,342
256,29,1270,198,43,287
256,31,153,348,167,720
256,34,585,410,24,62
257,1,1198,326,134,444
257,2,1121,381,109,238
257,4,649,423,90,107
257,5,780,363,119,338
257,25,79,426,21,50
257,27,1233,263,56,345
257,29,1270,197,43,288
257,31,169,350,182,721
257,34,585,410,24,62
258,1,1198,326,136,443
258,2,1119,382,110,238
258,4,651,423,91,108
258,5,779,364,119,336
258,25,79,427,20,50
258,27,1232,264,56,348
258,29,1271,195,44,290
258,31,186,352,200,719
258,34,584,410,24,62
259,1,1197,326,138,441
259,2,1115,383,111,236
259,4,653,423,89,107
259,5,777,365,119,333
259,25,78,427,20,50
259,27,1231,264,57,350
259,29,1271,193,43,291
259,31,200,352,217,717
259,34,584,410,24,62
260,1,1195,327,140,436
260,2,1111,384,111,234
260,4,651,424,89,106
260,5,776,366,120,331
260,25,77,427,21,50
260,27,1230,264,57,353
260,29,1272,191,44,293
260,31,215,352,236,715
260,34,583,410,25,63
261,1,1194,328,142,434
261,2,1109,384,113,233
261,4,647,424,88,105
261,5,774,367,120,329
261,25,77,427,20,51
261,27,1229,264,57,357
261,29,1273,190,44,294
261,31,229,355,258,717
261,34,583,411,24,62
262,1,1194,329,144,431
262,2,1107,384,113,233
262,4,648,424,86,103
262,5,773,368,120,327
262,25,76,428,21,50
262,27,1229,265,58,360
262,29,1273,188,44,296
262,31,242,354,279,715
262,34,583,411,24,62
263,1,1193,330,145,426
263,2,1104,385,114,232
263,4,651,425,85,102
263,5,770,369,120,324
263,25,76,428,20,50
263,27,1228,265,58,363
263,29,1273,186,45,297
263,31,256,355,300,714
263,34,582,411,25,62
264,1,1194,331,146,424
264,2,1100,386,115,230
264,4,651,425,84,102
264,5,767,368,119,321
264,25,73,425,20,49
264,27,1226,265,59,365
264,29,1274,184,44,299
264,31,269,355,322,714
264,34,578,409,24,62
265,1,1196,332,148,422
265,2,1097,385,114,229
265,4,649,425,85,102
265,5,764,368,119,319
265,25,71,426,21,48
265,27,1226,266,60,368
265,29,1274,183,45,300
265,31,281,355,345,712
265,34,577,409,24,61
266,1,1198,331,148,419
266,2,1094,385,115,227
266,4,648,425,85,102
266,5,761,369,119,318
266,25,70,426,21,49
266,27,1225,266,60,371
266,29,1275,181,46,302
266,31,294,355,368,713
266,34,575,408,23,59
267,1,1197,331,149,420
267,2,1092,385,116,226
267,4,646,424,85,103
267,5,759,368,119,317
267,25,67,426,22,50
267,27,1224,267,60,374
267,29,1275,179,45,303
267,31,305,356,391,713
267,34,575,409,22,59
268,1,1194,330,153,422
268,2,1089,385,116,224
268,4,645,425,83,101
268,5,756,368,118,316
268,25,65,426,23,51
268,27,1223,267,61,376
268,29,1276,177,46,305
268,31,316,358,415,714
268,34,574,409,22,58
269,1,1192,329,156,426
269,2,1086,384,116,223
269,4,644,425,83,101
269,5,754,367,117,313
269,25,64,426,23,51
269,27,1222,267,61,380
269,29,1276,176,45,306
269,31,328,358,438,715
269,34,573,409,22,58
270,1,1187,327,158,425
270,2,1082,385,117,222
270,4,644,426,82,100
270,5,751,367,116,311
270,25,63,426,24,51
270,27,1221,267,61,383
270,29,1277,174,46,308
270,31,339,358,461,715
270,34,572,409,22,58
271,1,1182,326,163,427
271,2,1079,384,117,221
271,4,643,426,82,100
271,5,749,367,114,310
271,25,60,427,24,51
271,27,1221,268,62,386
271,31,349,359,482,716
271,34,571,409,23,58
272,1,1178,326,169,433
272,2,1077,384,117,222
272,4,642,426,81,99
272,5,745,366,113,307
272,25,58,427,23,51
272,27,1219,268,63,389
272,31,360,359,504,716
272,34,571,409,22,57
273,1,1174,330,176,444
273,2,1076,384,118,221
273,4,642,426,81,99
273,5,743,368,109,301
273,25,57,428,24,52
273,27,1218,268,63,391
273,31,371,359,524,718
273,34,570,409,22,57
274,1,1170,333,183,454
274,2,1073,385,118,220
274,4,641,426,81,97
274,5,740,369,107,300
274,25,55,428,23,52
274,27,1218,269,64,394
274,31,384,359,540,716
274,34,569,409,22,57
275,1,1166,334,189,456
275,2,1070,386,119,220
275,4,641,426,80,97
275,5,736,368,107,303
275,25,52,428,24,52
275,27,1217,269,64,397
275,31,392,359,556,717
275,34,568,409,22,56
276,1,1162,333,193,455
276,2,1066,387,117,220
276,4,640,427,80,96
276,5,734,366,106,306
276,25,49,427,24,54
276,27,1216,270,64,400
276,31,412,359,566,715
276,34,567,409,22,56
277,1,1158,333,197,453
277,2,1062,387,117,218
277,4,639,427,79,96
277,5,731,361,107,316
277,25,47,427,25,54
277,31,440,360,572,716
277,34,566,409,22,56
278,1,1155,335,202,454
278,2,1059,388,116,216
278,4,638,427,79,96
278,5,730,359,105,320
278,25,41,427,25,54
278,31,469,360,570,713
278,34,565,409,21,55
279,1,1152,336,208,456
279,2,1056,388,117,217
279,4,638,427,78,95
279,5,732,361,100,316
279,25,37,427,25,55
279,31,499,360,566,713
279,34,564,409,21,55
280,1,1149,338,214,458
280,2,1052,389,116,217
280,4,637,427,79,95
280,5,730,361,100,316
280,25,32,427,27,57
280,31,526,360,555,713
280,34,563,409,21,55
281,1,1146,340,219,460
281,2,1048,389,115,215
281,4,637,428,78,94
281,5,728,360,100,317
281,25,29,427,28,58
281,31,551,360,540,712
281,34,562,409,21,55
282,1,1144,340,224,461
282,2,1044,390,113,214
282,4,636,428,77,94
282,5,726,360,100,316
282,25,26,426,29,59
282,31,577,360,524,711
282,34,561,409,21,54
283,1,1140,343,231,464
283,2,1040,392,113,214
283,4,635,428,77,93
283,5,724,359,100,317
283,25,23,426,29,59
283,31,601,361,506,712
283,34,561,409,20,53
284,1,1138,345,238,469
284,2,1036,393,111,213
284,4,635,428,76,93
284,5,722,359,100,316
284,25,20,427,29,60
284,31,623,360,486,713
284,34,560,409,20,53
285,1,1135,348,244,473
285,2,1035,394,111,213
285,4,634,429,76,92
285,5,720,358,100,317
285,25,18,426,30,61
285,31,645,360,463,713
285,34,559,409,20,53
286,1,1131,351,251,476
286,2,1031,395,108,212
286,4,611,429,79,99
286,5,718,358,100,317
286,25,15,426,30,61
286,31,666,357,439,711
286,34,558,409,21,53
287,1,1128,353,258,482
287,2,1025,396,106,210
287,4,611,431,80,100
287,5,716,358,100,316
287,25,13,427,30,62
287,31,682,356,418,713
287,34,557,409,21,53
288,1,1125,357,267,489
288,2,1019,397,104,212
288,4,606,431,81,99
288,5,714,357,100,317
288,25,10,426,30,63
288,31,693,358,403,716
288,34,557,409,20,53
289,1,1121,360,274,497
289,2,1015,397,102,211
289,4,600,432,85,99
289,5,712,357,100,316
289,25,8,426,30,63
289,31,710,358,391,717
289,34,556,410,20,52
290,1,1116,360,277,496
290,2,1012,397,98,209
290,4,604,435,84,96
290,5,710,356,100,317
290,25,5,427,30,64
290,31,726,358,383,717
290,34,531,410,23,58
291,1,1111,364,286,502
291,2,1010,398,96,208
291,4,607,436,83,95
291,5,708,356,100,317
291,25,2,427,30,64
291,31,737,359,378,719
291,34,529,410,22,57
292,1,1105,367,292,510
292,2,1007,399,94,208
292,4,608,438,84,95
292,5,706,355,100,317
292,25,-1,426,31,65
292,31,742,359,373,719
292,34,526,412,24,62
293,1,1101,369,299,518
293,2,1003,400,93,207
293,4,603,439,85,96
293,5,704,355,100,317
293,25,-4,427,31,66
293,31,744,360,369,720
293,34,523,413,24,62
294,1,1098,372,307,524
294,2,1000,402,91,209
294,4,601,439,86,97
294,5,702,355,100,316
294,25,-6,427,32,66
294,31,744,360,365,720
294,34,520,413,24,62
295,1,1092,374,313,532
295,2,996,403,89,208
295,4,599,439,86,97
295,5,700,354,100,317
295,25,-9,426,32,67
295,31,747,360,360,720
295,34,517,413,25,63
296,1,1088,376,321,542
296,2,993,404,88,208
296,4,597,440,86,97
296,5,698,354,100,316
296,25,-12,427,33,68
296,31,751,360,355,719
296,34,515,413,25,63
297,1,1084,374,327,549
297,2,989,404,85,209
297,4,594,442,85,95
297,5,696,353,100,317
297,25,-14,427,32,68
297,31,757,369,344,702
297,34,513,414,25,64
298,1,1078,371,336,562
298,2,986,405,84,209
298,4,592,443,85,95
298,5,694,353,100,317
298,25,-17,426,33,69
298,31,764,380,329,675
298,34,510,414,25,64
299,1,1071,371,342,569
299,2,982,408,81,206
299,4,588,443,85,97
299,5,692,352,100,317
299,25,-19,427,34,70
299,31,772,387,316,650
299,34,508,414,25,65
300,1,1065,371,350,578
300,2,979,409,80,207
300,4,584,443,88,101
300,5,656,382,104,353
300,25,-22,427,34,70
300,31,775,394,311,640
300,34,506,414,25,65
301,1,1060,368,358,587
301,2,975,411,78,209
301,4,579,444,88,102
301,5,649,390,95,349
301,25,-25,427,35,70
301,31,777,394,308,641
301,34,497,412,23,60
302,1,1059,370,360,589
302,2,971,413,77,209
302,4,575,444,88,104
302,5,642,396,90,342
302,25,-28,426,35,71
302,31,777,392,305,636
302,34,494,412,23,60
303,1,1056,370,369,602
303,2,966,414,75,209
303,4,569,444,86,103
303,5,639,398,86,339
303,25,-30,427,36,72
303,31,775,389,306,643
303,34,492,412,24,60
304,1,1054,366,377,615
304,2,960,415,73,208
304,4,564,445,85,105
304,5,637,402,86,338
304,25,-33,427,36,72
304,31,775,386,306,649
304,34,489,412,23,60
305,1,1053,364,387,634
305,2,955,416,71,208
305,4,560,445,84,107
305,5,633,404,85,339
305,25,-36,426,35,73
305,31,778,380,307,661
305,34,486,412,23,60
306,1,1050,362,399,656
306,2,951,416,69,209
306,4,555,446,83,108
306,5,630,405,86,341
306,25,-38,427,36,74
306,31,774,375,303,668
306,34,483,412,23,59
307,1,1049,358,411,681
307,2,947,418,66,208
307,4,552,446,82,108
307,5,626,407,86,344
307,25,-41,427,36,74
307,31,772,364,303,678
307,34,480,412,23,59
308,1,1049,357,420,701
308,2,942,418,65,209
308,4,548,447,80,110
308,5,622,407,87,347
308,25,-44,426,37,75
308,31,765,358,301,691
308,34,478,412,24,59
309,1,1047,357,424,710
309,2,938,420,63,210
309,4,545,448,80,110
309,5,618,408,87,351
309,25,-47,427,37,76
309,31,754,359,295,696
309,34,475,412,23,59
310,1,1044,357,426,714
310,2,935,421,62,210
310,4,542,448,80,113
310,5,615,409,89,356
310,25,-49,427,38,76
310,31,747,356,292,706
310,34,472,412,23,59
311,1,1039,357,427,715
311,2,930,421,61,209
311,4,537,449,79,114
311,5,612,415,89,356
311,25,-52,427,38,76
311,31,741,355,286,711
311,34,469,412,23,59
312,1,1034,357,429,717
312,2,926,422,59,211
312,4,533,449,77,115
312,5,611,413,90,352
312,31,737,356,278,712
312,34,466,413,23,60
313,1,1027,357,429,716
313,2,924,426,58,212
313,4,529,450,75,114
313,5,606,418,93,357
313,31,731,357,270,714
313,34,464,413,23,60
314,1,1020,357,430,715
314,2,920,428,57,212
314,4,525,450,73,112
314,5,600,418,96,364
314,31,724,356,260,711
314,34,461,413,23,60
315,1,1012,358,427,711
315,2,917,429,57,213
315,4,521,451,72,113
315,5,594,421,98,367
315,31,719,355,250,702
315,34,458,413,23,60
316,1,1003,360,424,705
316,2,915,431,56,214
316,4,516,453,71,114
316,5,588,423,100,369
316,31,717,351,244,702
316,34,455,413,23,60
317,1,995,361,420,704
317,2,914,433,56,216
317,4,511,453,70,114
317,5,581,424,102,374
317,31,715,352,237,700
317,34,452,413,23,60
318,1,983,362,413,699
318,2,912,435,56,216
318,4,506,453,69,115
318,5,573,424,103,377
318,31,715,359,232,703
318,34,450,413,23,59
319,1,976,369,402,688
319,2,911,435,56,217
319,4,502,454,68,115
319,5,565,426,104,380
319,31,716,366,226,698
319,34,447,413,23,59
320,1,969,375,390,678
320,2,909,436,56,217
320,4,497,455,67,115
320,5,558,427,104,383
320,31,717,373,220,689
320,34,444,413,23,59
321,1,966,377,382,673
321,2,908,438,57,217
321,4,492,457,66,116
321,5,552,429,103,386
321,31,721,378,215,680
321,34,441,413,23,59
322,1,965,380,373,665
322,2,909,439,60,219
322,4,487,457,65,116
322,5,545,430,102,390
322,31,728,381,212,673
322,34,438,413,23,59
323,1,964,386,364,654
323,2,909,441,61,221
323,4,482,456,65,120
323,5,533,431,104,393
323,31,733,387,208,662
323,34,436,413,23,59
324,1,965,391,357,646
324,2,908,442,63,223
324,4,478,456,64,121
324,5,523,432,104,396
324,31,734,392,203,652
324,34,433,413,23,59
325,1,968,392,353,641
325,2,907,443,64,224
325,4,473,457,65,122
325,5,515,433,105,398
325,31,730,398,197,636
325,34,430,413,23,59
326,1,972,391,354,641
326,2,904,443,65,225
326,4,469,457,66,123
326,5,509,435,105,399
326,31,726,403,193,623
326,34,427,413,23,59
327,1,972,388,357,645
327,2,901,445,65,225
327,4,465,458,66,123
327,5,505,437,106,403
327,31,719,412,187,606
327,34,425,413,22,59
328,1,973,385,364,652
328,2,900,445,66,227
328,4,460,459,67,124
328,5,499,437,108,409
328,31,713,420,181,587
328,34,422,413,23,59
329,1,974,382,370,657
329,2,898,446,66,226
329,4,456,459,68,125
329,5,493,437,110,411
329,31,708,427,177,572
329,34,419,413,23,59
330,1,977,379,378,664
330,2,896,447,66,227
330,4,451,460,67,126
330,5,486,438,111,416
330,31,699,439,170,549
330,34,416,413,23,59
331,1,980,376,386,672
331,2,894,448,67,229
331,4,447,460,68,127
331,5,480,438,113,415
331,31,694,450,166,532
331,34,413,414,23,58
332,1,981,373,396,676
332,2,893,449,68,230
332,4,443,461,68,128
332,5,473,439,115,416
332,31,692,455,164,522
333,1,983,371,405,682
333,2,891,449,70,232
333,4,438,461,69,129
333,5,464,441,118,420
333,31,689,455,164,515
334,1,991,368,414,687
334,2,891,449,70,232
334,4,434,462,70,130
334,5,453,442,121,424
334,31,686,457,166,513
335,1,1007,366,420,693
335,2,890,449,71,231
335,4,430,462,70,131
335,5,442,444,127,428
335,31,684,458,169,513
336,1,1023,364,424,697
336,2,888,449,73,233
336,4,425,463,70,132
336,5,432,445,133,434
336,31,682,459,173,512
337,1,1040,364,428,700
337,2,884,451,74,232
337,4,420,464,71,132
337,5,422,445,140,439
337,31,683,459,176,511
338,1,1066,363,426,702
338,2,884,451,75,233
338,4,416,464,71,133
338,5,412,447,148,444
338,31,682,459,181,511
339,1,1079,362,424,704
339,2,883,452,76,233
339,4,412,465,72,134
339,5,402,448,157,450
339,31,680,459,186,511
340,1,1092,361,419,703
340,2,881,453,76,236
340,4,408,465,72,134
340,5,392,451,165,456
340,31,676,459,191,510
341,1,1109,361,410,702
341,2,880,454,78,239
341,4,403,465,72,135
341,5,385,453,175,463
341,31,671,459,197,510
342,1,1127,359,399,701
342,2,879,456,80,242
342,4,398,466,73,136
342,5,379,455,184,470
342,31,665,459,202,512
343,1,1146,361,385,701
343,2,877,457,81,244
343,4,394,466,73,137
343,5,374,457,191,473
343,31,658,459,206,513
344,1,1159,363,370,698
344,2,876,457,81,245
344,4,390,467,74,138
344,5,371,459,199,480
344,31,651,458,210,515
345,1,1170,363,354,695
345,2,876,458,82,246
345,4,385,467,75,139
345,5,368,462,207,488
345,31,641,458,211,516
346,1,1179,365,338,691
346,2,875,458,83,248
346,4,458,454,70,151
346,5,364,464,214,496
346,31,629,458,212,516
347,1,1183,366,323,690
347,2,874,458,83,249
347,4,454,454,65,153
347,5,360,465,220,501
347,31,617,458,211,517
348,1,1187,367,309,687
348,2,873,458,85,250
348,4,449,455,61,154
348,5,355,465,225,503
348,31,607,458,211,518
349,1,1187,367,299,689
349,2,872,458,85,251
349,4,444,456,61,156
349,5,351,464,230,506
349,31,598,459,210,518
350,1,1188,366,291,693
350,2,871,458,86,251
350,4,442,455,60,155
350,5,346,464,234,508
350,31,589,458,209,517
351,1,1190,365,281,696
351,2,870,457,87,252
351,4,437,455,60,156
351,5,341,463,236,508
351,31,582,458,208,517
352,1,1196,364,273,702
352,2,870,457,88,252
352,4,434,454,61,156
352,5,334,461,239,510
352,31,573,458,209,516
353,1,1201,362,264,710
353,2,869,457,88,254
353,4,433,453,61,156
353,5,328,459,241,512
353,31,567,458,208,515
354,1,1204,361,255,716
354,2,868,457,89,254
354,4,432,451,60,155
354,5,321,457,242,513
354,31,560,459,207,514
355,1,1208,360,245,718
355,2,868,457,90,254
355,4,430,451,61,154
355,5,314,456,242,516
355,31,553,459,207,515
356,1,1212,359,235,717
356,2,866,457,91,254
356,4,430,451,60,154
356,5,306,455,241,519
356,31,548,459,207,515
357,1,1218,335,210,669
357,2,866,457,92,254
357,4,429,451,60,155
357,5,298,455,239,522
357,31,543,460,205,514
358,1,1224,308,186,615
358,2,866,457,94,256
358,4,427,451,60,154
358,5,292,453,238,525
358,31,538,460,205,514
359,1,1231,305,175,607
359,2,865,456,95,255
359,4,424,450,60,155
359,5,282,452,235,529
359,31,534,459,205,515
360,1,1237,300,173,598
360,2,865,456,95,256
360,4,423,450,60,155
360,5,269,450,232,534
360,31,528,459,205,516
361,1,1243,294,169,589
361,2,865,455,96,257
361,4,420,449,60,155
361,5,252,447,228,539
361,31,523,457,205,517
362,1,1249,289,167,579
362,2,865,454,98,257
362,4,418,449,58,155
362,5,238,446,225,542
362,31,518,456,205,519
363,1,1256,284,164,570
363,2,864,453,98,257
363,4,415,449,58,154
363,5,229,443,225,544
363,31,514,455,206,522
364,1,1262,278,162,561
364,2,863,453,98,258
364,4,415,448,57,156
364,5,220,440,226,547
364,31,509,452,207,525
365,1,1267,273,159,552
365,2,861,452,99,257
365,4,413,448,56,155
365,5,211,438,230,551
365,31,502,450,207,529
366,1,1274,267,156,543
366,2,860,451,100,259
366,4,410,448,56,156
366,5,201,436,236,557
366,31,499,448,208,534
366,41,402,448,36,157
367,1,1280,261,154,533
367,2,859,451,101,261
367,4,410,447,56,157
367,5,189,435,243,561
367,31,495,446,208,538
367,41,400,448,37,159
368,1,1286,256,151,524
368,2,858,451,102,263
368,4,409,445,57,160
368,5,178,432,250,565
368,31,491,444,208,542
368,41,399,449,38,163
368,42,1234,434,66,122
369,1,1292,250,148,515
369,2,857,451,103,265
369,4,407,443,57,161
369,5,163,431,258,569
369,31,490,442,209,545
369,41,397,450,39,166
369,42,1227,415,69,125
370,1,1298,245,146,506
370,2,857,451,105,267
370,4,405,439,59,172
370,5,157,430,267,576
370,31,495,440,211,549
370,41,396,451,40,170
370,42,1222,403,72,131
371,1,1304,239,143,497
371,2,858,452,105,270
371,4,403,434,61,180
371,5,153,427,273,579
371,31,495,439,213,552
371,41,395,451,40,173
371,42,1216,391,75,137
372,1,1310,234,141,488
372,2,858,452,107,272
372,4,402,432,62,183
372,5,149,424,278,584
372,31,497,437,216,553
372,41,393,452,40,177
372,42,1211,380,78,142
373,1,1316,228,138,479
373,2,860,451,108,271
373,4,400,431,63,185
373,5,144,422,281,587
373,31,497,436,220,555
373,41,391,453,41,179
373,42,1205,368,82,148
